{
  "PPO": 1293.7833091952648,
  "DQN": 1146.8676077775324,
  "EASYAI": 1106.7519116004503,
  "HARDAI": 1212.6394449411248,
  "HUMAN": 1271.9577264856277
}